{"_runtime": 5.520129442214966, "global_step": 0, "_step": 0, "_timestamp": 1589348232.693437, "config/text_summary": null}
