{"_runtime": 352.43042850494385, "_step": 670, "2d_2_3d_LR": 0.001, "_timestamp": 1589980227.4210658, "2d_2_3d": {"train": {"kld_loss": 1.5910006761550903, "recon_loss": 2.9405593872070312, "total_train": 4.531559944152832}}}
