{"_runtime": 5.369109630584717, "_step": 0, "global_step": 0, "config/text_summary": null, "_timestamp": 1589350288.6399536}
