{"global_step": 0, "Total/2d_2_3d/Val_Loss": 0.9598295092582703, "Total/2d_2_3d/Train_Loss": 1.0617575645446777, "Loss_2d_2_3d_Val_Loss_kld_loss/global_step": 0, "Loss_2d_2_3d_Val_Loss_recon_loss/Loss/2d_2_3d/Val_Loss": 0.9597477912902832, "Loss_2d_2_3d_Train_Loss_kld_loss/global_step": 0, "Loss_2d_2_3d_Train_Loss_recon_loss/Loss/2d_2_3d/Train_Loss": 1.0143367052078247, "Loss_2d_2_3d_Train_Loss_recon_loss/global_step": 0, "Loss_2d_2_3d_Val_Loss_kld_loss/Loss/2d_2_3d/Val_Loss": 0.08169731497764587, "_timestamp": 1589307299.9039714, "_runtime": 15.257452726364136, "_step": 0, "Loss_2d_2_3d_Train_Loss_kld_loss/Loss/2d_2_3d/Train_Loss": 47.420806884765625, "Loss_2d_2_3d_Val_Loss_recon_loss/global_step": 0, "config/text_summary": null}
