{"Loss/2d_2_3d/Train_Loss/kld_loss": 0.10846728831529617, "Loss/2d_2_3d/Train_Loss/recon_loss": 1.2671542167663574, "_runtime": 4.965927600860596, "_step": 0, "_timestamp": 1589366393.3713126, "config/text_summary": null, "global_step": 0, "Total/2d_2_3d/Train_Loss": 1.2672626972198486}
