{"_runtime": 6.324117422103882, "Loss/2d_2_3d/Train_Loss/kld_loss": 0.07992812246084213, "Total/2d_2_3d/Train_Loss": 1.1904215812683105, "Loss/2d_2_3d/Train_Loss/recon_loss": 1.1903417110443115, "Loss/2d_2_3d/Val_Loss/recon_loss": 1.000806212425232, "_step": 0, "config/text_summary": null, "_timestamp": 1589366306.8681626, "Loss/2d_2_3d/Val_Loss/kld_loss": 0.0003738109953701496, "global_step": 0, "Total/2d_2_3d/Val_Loss": 1.0008065700531006}
