{"_timestamp": 1589545665.1252713, "2d_2_3d_LR": 0.001, "_step": 0, "_runtime": 3.1009023189544678}
