{"Total/2d_2_3d/Train_Loss": 1.1550991535186768, "Loss_2d_2_3d_Val_Loss_kld_loss/Loss/2d_2_3d/Val_Loss": 0.03536704182624817, "Loss_2d_2_3d_Train_Loss_kld_loss/Loss/2d_2_3d/Train_Loss": 19.182748794555664, "config/text_summary": null, "Loss_2d_2_3d_Train_Loss_recon_loss/global_step": 0, "_timestamp": 1589308285.4726274, "Loss_2d_2_3d_Val_Loss_kld_loss/global_step": 0, "Loss_2d_2_3d_Val_Loss_recon_loss/Loss/2d_2_3d/Val_Loss": 0.9588598608970642, "_runtime": 5.862325429916382, "Loss_2d_2_3d_Train_Loss_kld_loss/global_step": 0, "Loss_2d_2_3d_Train_Loss_recon_loss/Loss/2d_2_3d/Train_Loss": 1.1359163522720337, "Total/2d_2_3d/Val_Loss": 0.958895206451416, "_step": 0, "global_step": 0, "Loss_2d_2_3d_Val_Loss_recon_loss/global_step": 0}
