{"_runtime": 5.71972918510437, "config/text_summary": null, "_step": 0, "global_step": 0, "_timestamp": 1589311059.2790492}
