{"2d_2_3d_LR": 0.001, "_timestamp": 1589567582.7617073, "_runtime": 2.5013508796691895, "_step": 0}
