{"_runtime": 5.736304998397827, "Loss/2d_2_3d/Train_Loss/recon_loss": 1.1903417110443115, "config/text_summary": null, "Loss/2d_2_3d/Val_Loss/kld_loss": 0.0003726907598320395, "_timestamp": 1589364115.645284, "Loss/2d_2_3d/Val_Loss/recon_loss": 1.0007939338684082, "Loss/2d_2_3d/Train_Loss/kld_loss": 0.07992812246084213, "_step": 0, "global_step": 0, "Total/2d_2_3d/Val_Loss": 1.0007942914962769, "Total/2d_2_3d/Train_Loss": 1.1904215812683105}
