{"Total/2d_2_3d/Train_Loss": 1.8136262893676758, "config/text_summary": null, "_step": 0, "Loss/2d_2_3d/Val_Loss/kld_loss": 0.000514363229740411, "Total/2d_2_3d/Val_Loss": 0.8801126480102539, "Loss/2d_2_3d/Train_Loss/kld_loss": 0.07338237017393112, "global_step": 0, "_timestamp": 1589366443.15699, "Loss/2d_2_3d/Train_Loss/recon_loss": 1.8135528564453125, "_runtime": 6.0848283767700195, "Loss/2d_2_3d/Val_Loss/recon_loss": 0.8801121115684509}
