{"Total/2d_2_3d/Train_Loss": 1.0069823265075684, "Loss/2d_2_3d/Train_Loss/recon_loss": 0.9513849020004272, "Loss/2d_2_3d/Val_Loss/kld_loss": 0.4757215082645416, "_step": 0, "_timestamp": 1589348274.9982746, "global_step": 0, "Loss/2d_2_3d/Val_Loss/recon_loss": 0.96558678150177, "_runtime": 22.666256189346313, "Total/2d_2_3d/Val_Loss": 0.9660624861717224, "config/text_summary": null, "Loss/2d_2_3d/Train_Loss/kld_loss": 55.59748077392578}
