{"_step": 10, "2d_2_3d_LR": 0.001, "_runtime": 21.036183834075928, "_timestamp": 1589990329.8561633, "2d_2_3d": {"train": {"kld_loss": 2.6206464767456055, "recon_loss": 1.582203984260559, "total_train": 4.202850341796875}}}
