{"global_step": 0, "config/text_summary": null, "Total/2d_2_3d/Train_Loss": 1.3277438879013062, "Loss_2d_2_3d_Train_Loss_recon_loss/Loss/2d_2_3d/Train_Loss": 1.1359163522720337, "Loss_2d_2_3d_Val_Loss_recon_loss/Loss/2d_2_3d/Val_Loss": 0.9588596224784851, "_runtime": 6.517795562744141, "_timestamp": 1589311172.1087968, "Loss_2d_2_3d_Train_Loss_kld_loss/Loss/2d_2_3d/Train_Loss": 19.182748794555664, "Loss_2d_2_3d_Train_Loss_kld_loss/global_step": 0, "Loss_2d_2_3d_Val_Loss_kld_loss/global_step": 0, "Loss_2d_2_3d_Val_Loss_kld_loss/Loss/2d_2_3d/Val_Loss": 0.03494676947593689, "Loss_2d_2_3d_Val_Loss_recon_loss/global_step": 0, "Total/2d_2_3d/Val_Loss": 0.9592090845108032, "_step": 0, "Loss_2d_2_3d_Train_Loss_recon_loss/global_step": 0}
