{"_timestamp": 1589570822.9111798, "_runtime": 2.604341506958008, "2d_2_3d_LR": 0.001, "_step": 0}
