{"2d_2_3d_LR": 0.001, "_step": 0, "_timestamp": 1589567416.0857928, "_runtime": 2.441681385040283}
