{"Total/2d_2_3d/Train_Loss": 0.9238770604133606, "_timestamp": 1589360267.4618237, "global_step": 0, "MPJPE": 21.418785095214844, "Loss/2d_2_3d/Train_Loss/kld_loss": 0.2193942815065384, "_step": 0, "Loss/2d_2_3d/Train_Loss/recon_loss": 0.9236576557159424, "Loss/2d_2_3d/Val_Loss/recon_loss": 1.0013843774795532, "Total/2d_2_3d/Val_Loss": 1.00138521194458, "_runtime": 10.27741813659668, "Loss/2d_2_3d/Val_Loss/kld_loss": 0.000808260403573513, "config/text_summary": null}
