{"_runtime": 4.594850063323975, "_step": 0, "config/text_summary": null, "global_step": 0, "_timestamp": 1589360573.2008839}
