{"2d_2_3d_LR": 0.001, "_runtime": 4.042780876159668, "_timestamp": 1589572788.0177069, "_step": 2, "2d_2_3d": {"train": {"kld_loss": 2.339491367340088, "recon_loss": 2.2082951068878174, "total_train": 4.547786712646484}}}
