{"_timestamp": 1589572819.4254391, "2d_2_3d_LR": 0.001, "_runtime": 4.771208763122559, "_step": 4, "2d_2_3d": {"val": {"kld_loss": 0.060363564640283585, "recon_loss": 1.1217281818389893, "total_val": 1.1820917129516602}}, "MPJPE_AVG": 22.63296127319336}
