{"2d_2_3d_LR": 0.001, "_timestamp": 1589568460.8523948, "_runtime": 3.2009594440460205, "_step": 0}
