{"_timestamp": 1589990281.0361676, "MPJPE_AVG": 56.031700134277344, "_step": 0, "_runtime": 8.864732265472412}
