{"_step": 0, "global_step": 0, "_runtime": 4.972431421279907, "_timestamp": 1589311144.9580736, "config/text_summary": null}
