{"_runtime": 4.849477767944336, "_timestamp": 1589573722.8426049, "2d_2_3d_LR": 0.001, "_step": 4, "2d_2_3d": {"val": {"kld_loss": 0.060363564640283585, "recon_loss": 1.1217281818389893, "total_val": 1.1820917129516602}}, "MPJPE_AVG": 22.63296127319336}
