{"_runtime": 3.6531436443328857, "_timestamp": 1589572688.1592736, "2d_2_3d_LR": 0.001, "_step": 2, "2d_2_3d": {"train": {"kld_loss": 2.339491367340088, "recon_loss": 2.2082951068878174, "total_train": 4.547786712646484}}}
